1okk_1.pdb	1okk_1.pdb
3c5w_1.pdb	3c5w_1.pdb
3dw8_1.pdb	3dw8_1.pdb
3dw8_1.pdb	3dw8_2.pdb
4i5l_2.pdb	4i5l_2.pdb
4i5l_2.pdb	4i5l_1.pdb
4i5l_2.pdb	4i5n_1.pdb
4i5l_2.pdb	4i5n_2.pdb
4in3_1.pdb	4in3_1.pdb
4lac_1.pdb	4lac_1.pdb
5mpd_1.pdb	5mpd_1.pdb
5w0w_1.pdb	5w0w_1.pdb
5w0w_1.pdb	5w0w_2.pdb
5w0w_1.pdb	5w0w_3.pdb
5w0w_1.pdb	5w0w_4.pdb
5z5j_1.pdb	5z5j_1.pdb
6iur_2.pdb	6iur_2.pdb
6sb0_1.pdb	6sb0_1.pdb
7cun_1.pdb	7cun_1.pdb
7cun_1.pdb	2ie3_1.pdb
7cun_1.pdb	2ie4_1.pdb
7cun_1.pdb	3k7v_1.pdb
7cun_1.pdb	3k7w_1.pdb
7k36_1.pdb	7k36_1.pdb
7soy_1.pdb	7soy_1.pdb
7soy_1.pdb	2iae_1.pdb
7soy_1.pdb	2iae_2.pdb
7soy_1.pdb	2npp_1.pdb
7soy_1.pdb	2npp_2.pdb
7soy_1.pdb	2nyl_1.pdb
7soy_1.pdb	2nyl_2.pdb
7soy_1.pdb	2nym_1.pdb
7soy_1.pdb	2nym_2.pdb
7soy_1.pdb	3fga_1.pdb
7soy_1.pdb	6nts_1.pdb
